{"_wandb":{"runtime":55},"_timestamp":1.7373265377004929e+09,"_runtime":55.3262383,"_step":92,"loss":11.15732479095459}