{"_runtime":55.326469231,"_step":92,"_wandb":{"runtime":55},"loss":11.942547798156738,"_timestamp":1.737326537689683e+09}