{"_timestamp":1.7373265376996272e+09,"_runtime":55.318281965,"_step":92,"_wandb":{"runtime":55},"loss":11.933558464050293}