{"loss":19.337100982666016,"_timestamp":1.7373265376845348e+09,"_runtime":55.305876696,"_step":92,"_wandb":{"runtime":55}}